{
	"class_name" : "PinholeCameraParameters",
	"extrinsic" : 
	[
		-0.27086835115642804,
		-0.41799019856484831,
		0.86713005382440578,
		0.0,
		-0.95776458648644813,
		0.20735269173751389,
		-0.19922815589582415,
		0.0,
		-0.096526334304381747,
		-0.88447105952254101,
		-0.45650149140263774,
		0.0,
		5.4454041199016325,
		4.7363779472870018,
		7.5566101930333716,
		1.0
	],
	"intrinsic" : 
	{
		"height" : 720,
		"intrinsic_matrix" : 
		[
			623.53829072479584,
			0.0,
			0.0,
			0.0,
			623.53829072479584,
			0.0,
			639.5,
			359.5,
			1.0
		],
		"width" : 1280
	},
	"version_major" : 1,
	"version_minor" : 0
}