{
	"class_name" : "PinholeCameraParameters",
	"extrinsic" : 
	[
		-0.077232497497876029,
		-0.37515124300829961,
		0.92374059464741964,
		0.0,
		-0.99646405074358246,
		0.059788885856275731,
		-0.059031218043986894,
		0.0,
		-0.033083786148687191,
		-0.9250334231785321,
		-0.3784423722268358,
		0.0,
		2.5385824248187641,
		2.1414817018111529,
		3.9655228986128952,
		1.0
	],
	"intrinsic" : 
	{
		"height" : 720,
		"intrinsic_matrix" : 
		[
			623.53829072479584,
			0.0,
			0.0,
			0.0,
			623.53829072479584,
			0.0,
			639.5,
			359.5,
			1.0
		],
		"width" : 1280
	},
	"version_major" : 1,
	"version_minor" : 0
}