{
  "K": [
    [
      718.856,
      0.0,
      607.1928
    ],
    [
      0.0,
      718.856,
      185.2157
    ],
    [
      0.0,
      0.0,
      1.0
    ]
  ],
  "T_init": [
    [
      0.0,
      -1.0,
      0.0,
      0.0
    ],
    [
      0.0,
      0.0,
      -1.0,
      0.0
    ],
    [
      1.0,
      0.0,
      0.0,
      0.0
    ],
    [
      0.0,
      0.0,
      0.0,
      1.0
    ]
  ],
  "T_opt": [
    [
      -0.02657068480534823,
      -0.9992308892555404,
      0.028837972649908217,
      0.5295066900484872
    ],
    [
      0.0007507013870282396,
      -0.028868095122023468,
      -0.9995829477994578,
      0.034768297611444815
    ],
    [
      0.9996466551519104,
      -0.026537954736712895,
      0.0015171690709436555,
      0.39811613686232317
    ],
    [
      0.0,
      0.0,
      0.0,
      1.0
    ]
  ],
  "optimizer_history": [
    {
      "outer_iter": 0,
      "success": false,
      "status": 0,
      "message": "The maximum number of function evaluations is exceeded.",
      "fun": 0.30665236398016577,
      "cost": 0.30665236398016577,
      "nfev": 83,
      "delta_tx": 0.2607573570839497,
      "delta_ty": 0.06865859063758306,
      "delta_tz": 0.015357787019559331,
      "delta_rx": 0.0033483261289130885,
      "delta_ry": -0.01627745263309828,
      "delta_rz": 0.02147994699247157
    },
    {
      "outer_iter": 1,
      "success": false,
      "status": 0,
      "message": "The maximum number of function evaluations is exceeded.",
      "fun": 0.2571205252795714,
      "cost": 0.2571205252795714,
      "nfev": 82,
      "delta_tx": 0.1444262501615419,
      "delta_ty": -0.07752349959806523,
      "delta_tz": 0.18616128848534955,
      "delta_rx": -0.005316607111214967,
      "delta_ry": -0.005778935058221814,
      "delta_rz": 0.007819771083368602
    },
    {
      "outer_iter": 2,
      "success": true,
      "status": 2,
      "message": "`ftol` termination condition is satisfied.",
      "fun": 508.69484498120295,
      "cost": 508.69484498120295,
      "nfev": 47,
      "delta_tx": 0.13612604166534004,
      "delta_ty": 0.03900245858998265,
      "delta_tz": 0.18745057473123777,
      "delta_rx": 0.0009247884537515867,
      "delta_ry": -0.005024361576614333,
      "delta_rz": -0.0003693423214233399
    },
    {
      "outer_iter": 3,
      "success": true,
      "status": 2,
      "message": "`ftol` termination condition is satisfied.",
      "fun": 525.4418961292887,
      "cost": 525.4418961292887,
      "nfev": 38,
      "delta_tx": -0.0051442270442425015,
      "delta_ty": -0.000997827794150919,
      "delta_tz": 0.0029289970417196378,
      "delta_rx": -5.8920928866080154e-05,
      "delta_ry": 0.00023157775736096285,
      "delta_rz": -5.2203161677595196e-05
    },
    {
      "outer_iter": 4,
      "success": true,
      "status": 2,
      "message": "`ftol` termination condition is satisfied.",
      "fun": 524.0768210497167,
      "cost": 524.0768210497167,
      "nfev": 15,
      "delta_tx": -0.0035382335226353335,
      "delta_ty": 0.00017819743135022513,
      "delta_tz": 0.00011313757047032454,
      "delta_rx": 3.903578567372572e-05,
      "delta_ry": 0.00023026090681369806,
      "delta_rz": -5.6197170204277875e-05
    },
    {
      "outer_iter": 5,
      "success": true,
      "status": 2,
      "message": "`ftol` termination condition is satisfied.",
      "fun": 524.1469014514416,
      "cost": 524.1469014514416,
      "nfev": 8,
      "delta_tx": 0.0,
      "delta_ty": 0.0,
      "delta_tz": 0.0,
      "delta_rx": 0.0,
      "delta_ry": 0.0,
      "delta_rz": 0.0
    }
  ],
  "fixed_pairs": [
    {
      "cluster_id": 14,
      "mask_ids": [
        75
      ],
      "weight": 0.24800187656745898,
      "selection_score": 0.7671549632235278
    },
    {
      "cluster_id": 13,
      "mask_ids": [
        62,
        66
      ],
      "weight": 0.2431142514353634,
      "selection_score": 0.7520358603749522
    },
    {
      "cluster_id": 4,
      "mask_ids": [
        23,
        91
      ],
      "weight": 0.20345126953850204,
      "selection_score": 0.6293446378746841
    },
    {
      "cluster_id": 7,
      "mask_ids": [
        76
      ],
      "weight": 0.17323611208552867,
      "selection_score": 0.5358787805777383
    },
    {
      "cluster_id": 6,
      "mask_ids": [
        3,
        24
      ],
      "weight": 0.1321964903731468,
      "selection_score": 0.40892913841684153
    }
  ],
  "gt_pose": {
    "T_gt": [
      [
        0.0004276802385584,
        -0.9999672484946,
        -0.008084491683471,
        -0.01198459927713
      ],
      [
        -0.007210626507497,
        0.008081198471645,
        -0.9999413164504,
        -0.05403984729748
      ],
      [
        0.9999738645903,
        0.000485948581039,
        -0.007206933692422,
        -0.2921968648686
      ],
      [
        0.0,
        0.0,
        0.0,
        1.0
      ]
    ],
    "translation_error_m": 0.8818343248485129,
    "rotation_error_deg": 2.6655330584852246
  }
}