{
  "T_gt": [
    [
      0.0004276802385584,
      -0.9999672484946,
      -0.008084491683471,
      -0.01198459927713
    ],
    [
      -0.007210626507497,
      0.008081198471645,
      -0.9999413164504,
      -0.05403984729748
    ],
    [
      0.9999738645903,
      0.000485948581039,
      -0.007206933692422,
      -0.2921968648686
    ],
    [
      0.0,
      0.0,
      0.0,
      1.0
    ]
  ],
  "translation_error_m": 0.8818343248485129,
  "rotation_error_deg": 2.6655330584852246
}